Username,ID,ExperimentName,Session,Trial,Date,TimeDif,"Condition Number","Stimuli File","Order File","Condition Description","Condition Notes",Stimuli*Cue,Stimuli*Answer,Stimuli*Shuffle,"Stimuli*Stimuli Notes",Stimuli*Value,Procedure*Item,"Procedure*Trial Type","Procedure*Max Time","Procedure*Min Time",Procedure*Text,"Procedure*Procedure Notes",Procedure*Shuffle,Response*RT,Response*Response,Response*Accuracy,Response*RTfirst,Response*RTlast,Response*strictAcc,Response*lenientAcc,Response*focus,Response*JOL,Response*Focus
fadsf,hkkfywllaa,Collector,1,1,2020-03-24T20:01:09+00:00,11.412045955658,5,versionA_stim.csv,JOLVersionA.csv,"JOL Version A","Dissertation, JOL version A",,,,,,0,Instruct,-,10,"Please study each of the following word pairs. Remember that your memory will be tested! When finished, press Enter to move to the next pair.",Initial_Instruct,Instruct1,11234,,,-1,-1,,,,,1
fadsf,hkkfywllaa,Collector,1,2,2020-03-24T20:01:19+00:00,10.66269993782,5,versionA_stim.csv,JOLVersionA.csv,"JOL Version A","Dissertation, JOL version A",SCARE,HIDE,OFF,Buffer,4,5,JOL,User,-,"How likely are you to correctly recall this item on a later test?|Type your response on a scale from 0-100.",Study/JOL,BUFFER,10318,,,-1,-1,,,,,1
fadsf,hkkfywllaa,Collector,1,3,2020-03-24T20:03:12+00:00,112.79644417763,5,versionA_stim.csv,JOLVersionA.csv,"JOL Version A","Dissertation, JOL version A",SPACE,JAM,OFF,Buffer,5,6,JOL,User,-,"How likely are you to correctly recall this item on a later test?|Type your response on a scale from 0-100.",Study/JOL,BUFFER,41669,,,-1,-1,,,,,0.333
fadsf,hkkfywllaa,Collector,1,4,2020-03-24T20:17:53+00:00,880.68726396561,5,versionA_stim.csv,JOLVersionA.csv,"JOL Version A","Dissertation, JOL version A",BASEBALL,CATCHER,OFF,Buffer,2,3,JOL,User,-,"How likely are you to correctly recall this item on a later test?|Type your response on a scale from 0-100.",Study/JOL,BUFFER,20709,,,20190,20362,,,,45,1
fadsf,hkkfywllaa,Collector,1,5,2020-03-24T20:17:56+00:00,3.2744898796082,5,versionA_stim.csv,JOLVersionA.csv,"JOL Version A","Dissertation, JOL version A",PEANUT,BUTTER,OFF,Buffer,3,4,JOL,User,-,"How likely are you to correctly recall this item on a later test?|Type your response on a scale from 0-100.",Study/JOL,BUFFER,3052,,,2685,2738,,,,45,1
fadsf,hkkfywllaa,Collector,1,6,2020-03-24T20:17:58+00:00,1.9797189235687,5,versionA_stim.csv,JOLVersionA.csv,"JOL Version A","Dissertation, JOL version A",TREES,GREEN,OFF,Buffer,1,2,JOL,User,-,"How likely are you to correctly recall this item on a later test?|Type your response on a scale from 0-100.",Study/JOL,BUFFER,1791,,,560,636,,,,45,1
fadsf,hkkfywllaa,Collector,1,7,2020-03-24T20:17:59+00:00,0.9913501739502,5,versionA_stim.csv,JOLVersionA.csv,"JOL Version A","Dissertation, JOL version A",DEAD,COFFIN,ON,B,128,55,JOL,User,-,"How likely are you to correctly recall this item on a later test?|Type your response on a scale from 0-100.",Study/JOL,"Study Phase",794,,,462,550,,,,45,1
