Username,ID,ExperimentName,Session,Trial,Date,TimeDif,"Condition Number","Stimuli File","Order File","Condition Description","Condition Notes",Stimuli*Cue,Stimuli*Answer,Stimuli*Shuffle,"Stimuli*Stimuli Notes",Stimuli*Value,Procedure*Item,"Procedure*Trial Type","Procedure*Max Time","Procedure*Min Time",Procedure*Text,"Procedure*Procedure Notes",Procedure*Shuffle,Response*RT,Response*Response,Response*Accuracy,Response*RTfirst,Response*RTlast,Response*strictAcc,Response*lenientAcc,Response*focus,Response*JOL,Response*Focus
adfadfaf,zcgkjueql1,Collector,1,1,2020-03-24T21:00:00+00:00,6.4702680110931,9,versionA_stim.csv,FREQVersionA.csv,"Frequency Version A","Dissertation, Frequency version A",,,,,,0,Instruct,-,5,"In this section, you will be presented with a series of word pairs.",Initial_Instruct,Instruct1,6258,,,-1,-1,,,,,1
adfadfaf,zcgkjueql1,Collector,1,2,2020-03-24T21:00:07+00:00,7.2725710868835,9,versionA_stim.csv,FREQVersionA.csv,"Frequency Version A","Dissertation, Frequency version A",,,,,,0,Instruct,-,5,"As you study, you will be asked to rate how often the words in each pair are used together.",,Instruct13,7014,,,-1,-1,,,,,1
adfadfaf,zcgkjueql1,Collector,1,3,2020-03-24T21:00:45+00:00,37.243052959442,9,versionA_stim.csv,FREQVersionA.csv,"Frequency Version A","Dissertation, Frequency version A",,,,,,0,Instruct,-,10,"For example, if you are given the pair CAT - DOG, a rating of 0 indicates that DOG and CAT are not used together often in language, while a rating of 100 indicates that DOG and CAT are commonly used together.",,Instruct14,11343,,,-1,-1,,,,,1
adfadfaf,zcgkjueql1,Collector,1,4,2020-03-24T21:00:57+00:00,12.658596038818,9,versionA_stim.csv,FREQVersionA.csv,"Frequency Version A","Dissertation, Frequency version A",,,,,,0,Instruct,-,10,"When making your ratings, it is criticial that you use the full range of the scale. You will be disqualified for only giving ratings of 0 or 100! After making your rating, press Enter to advance to the next pair.",,Instruct15,12392,,,-1,-1,,,,,1
adfadfaf,zcgkjueql1,Collector,1,5,2020-03-24T21:00:59+00:00,1.958988904953,9,versionA_stim.csv,FREQVersionA.csv,"Frequency Version A","Dissertation, Frequency version A",,,,,,0,Instruct,User,-,"You will now begin the study. Press Enter when you are ready to begin.",,Instruct16,1717,,,-1,-1,,,,,1
