Username,ID,ExperimentName,Session,Trial,Date,TimeDif,"Condition Number","Stimuli File","Order File","Condition Description","Condition Notes",Stimuli*Cue,Stimuli*Answer,Stimuli*Shuffle,"Stimuli*Stimuli Notes",Procedure*Item,"Procedure*Trial Type","Procedure*Max Time",Procedure*Text,Procedure*Shuffle,Response*RT,Response*Response,Response*Accuracy,Response*RTfirst,Response*RTlast,Response*strictAcc,Response*lenientAcc,Response*focus,Response*Focus
555,2jci68mdfc,Collector,1,1,2020-03-23T21:36:28+00:00,4.8398070335388,1,LearningStimFiles.csv,LearningProcedureFiles.csv,"How to use Collector","Walks through the basics files controlling Collector",,,,,0,Instruct,User,"<h2>Welcome to the Collector tutorial!</h2><p>This condition is designed to help familiarize you with the three primary files that you will be modifying when creating your experiments.</p>","# new fix",4582,,,-1,-1,,,,1
555,2jci68mdfc,Collector,1,2,2020-03-23T21:36:34+00:00,6.102648973465,1,LearningStimFiles.csv,LearningProcedureFiles.csv,"How to use Collector","Walks through the basics files controlling Collector",,,,,0,Instruct,User,"The three primary files are: Conditions.txt, a procedure file, and a stimuli file.<br/><br/>Each of the above files are comma-separated value (CSV) files. Basically, they are excel spreadsheets saved as CSVs.","# new fix",5842,,,-1,-1,,,,1
555,2jci68mdfc,Collector,1,3,2020-03-23T21:36:53+00:00,18.727303981781,1,LearningStimFiles.csv,LearningProcedureFiles.csv,"How to use Collector","Walks through the basics files controlling Collector",,,,,0,Instruct,User,"The first file I want you to open is Conditions.csv. This file is located in 'Experiment' folder and should be opened in Excel. Once you have opened the file click ""Done"" below.","# new fix",18513,,,-1,-1,,,,0.333
555,2jci68mdfc,Collector,1,4,2020-03-23T21:37:08+00:00,15.687883138657,1,LearningStimFiles.csv,LearningProcedureFiles.csv,"How to use Collector","Walks through the basics files controlling Collector",,,,,0,Instruct,User,"<p>Now that the file is opened you should take note of the first row of cells (Number/Stimuli/Procedure/Condition Description/Condition Notes)</p><p>These cells are the headers that tell you what information goes into each column. Each row below the headers is a different condition in the experiment. This instructional condition is condition number 1. <p/>Find the row that corresponds to condition 1 and the click ""Done"" below.","# new fix",15464,,,-1,-1,,,,1
555,2jci68mdfc,Collector,1,5,2020-03-23T21:37:39+00:00,30.290266990662,1,LearningStimFiles.csv,LearningProcedureFiles.csv,"How to use Collector","Walks through the basics files controlling Collector",,,,,0,Instruct,User,"For each condition in an experiment we must give:<ol><li>the 'Number' which tells us the order conditions will be cycled through</li><li>the 'Stimuli' tells the program which set of stimuli will be displayed</li><li>the 'Procedure' tells the program which file will determine the presentation order for a given condition</li><li>the 'Condition Description' and 'Condition Notes' are for you to leave either a more detailed description of what a conditon is (e.g., """"blocked practice of male faces"""") or to leave whatever notes about your conditions that you think will be useful during data analysis.</li></ol><br /><br/> Each of the above pieces of information about a given condition will be recorded with every line of data collected for that particular experiment.","# new fix",30029,,,-1,-1,,,,1
555,2jci68mdfc,Collector,1,6,2020-03-23T21:38:30+00:00,50.911279916763,1,LearningStimFiles.csv,LearningProcedureFiles.csv,"How to use Collector","Walks through the basics files controlling Collector",,,,,0,Instruct,User,"Look at the row for condition 'Number' 1 and open up the correct 'Stimuli' file. Remember to open the file using Excel or some other spreadsheet program. Click ""Done"" when you've opened up the file<p>Hint: a string of text followed by '/' denotes a folder (e.g., 'image/dog.jpg' points to a file 'dog.jpg' inside of the folder 'image').</p>","# new fix",50668,,,-1,-1,,,,0.614
555,2jci68mdfc,Collector,1,7,2020-03-23T21:39:01+00:00,31.866988897324,1,LearningStimFiles.csv,LearningProcedureFiles.csv,"How to use Collector","Walks through the basics files controlling Collector",,,,,0,Instruct,User,"You should have opened the file 'LearningStimFiles.csv'. If you did not then look over the conditions.txt file until you understand why 'LearningStimFiles.csv' corresponds to condition 1.<p>Take note of the first row of cells (Cue/Target/Answer/Shuffle/Stimuli Notes). Just as with conditons.csv, these cells are the headers which tell you what information goes into each column. Each row below the headers is a piece of stimuli.</p>","# new fix",31640,,,-1,-1,,,,1
555,2jci68mdfc,Collector,1,8,2020-03-23T21:39:04+00:00,2.1168730258942,1,LearningStimFiles.csv,LearningProcedureFiles.csv,"How to use Collector","Walks through the basics files controlling Collector",,,,,0,Instruct,User,"<h2>to be continued...</h2><p>This tutorial condition is a work in progress</p>","# new fix",1876,,,-1,-1,,,,1
