Username,ID,ExperimentName,Session,Trial,Date,TimeDif,"Condition Number","Stimuli File","Order File","Condition Description","Condition Notes",Stimuli*Cue,Stimuli*Answer,Stimuli*Shuffle,"Stimuli*Stimuli Notes",Procedure*Item,"Procedure*Trial Type","Procedure*Max Time","Procedure*Post 1 Trial Type","Procedure*Post 1 Max Time","Procedure*Procedure Notes",Procedure*Shuffle,Procedure*Text,"Procedure*Post 1 Text",Response*RT,Response*Response,Response*Accuracy,Response*RTfirst,Response*RTlast,Response*strictAcc,Response*lenientAcc,Response*focus,Response*Focus,Response*post1_RT,Response*post1_RTfirst,Response*post1_RTlast,Response*post1_Focus
adfa,pqraessj88,Collector,1,1,2020-03-24T14:36:29+00:00,1.4273900985718,7,WordPairMixed.csv,studyTestHiLo-Shuffle.csv,"Simultaneous Stimuli and Procedure shuffling","Combining structured Stimuli shuffle + Procedure shuffle I've created a condition in which I study 1 high associate 3 times and 1 low associate 3 times. Followng the randomized study phase I test each of the 2 studied items. Choice of specific high and low associate items is randomly assigned for each participant and the ordering of items within the study and test phase are also randomized per participant.",Dog,Cat,bananna,"high associates",2,Study,User,No,-,mass,"Study Phase",,,1167,,,-1,-1,,,,1
adfa,pqraessj88,Collector,1,2,2020-03-24T14:36:30+00:00,0.61794781684875,7,WordPairMixed.csv,studyTestHiLo-Shuffle.csv,"Simultaneous Stimuli and Procedure shuffling","Combining structured Stimuli shuffle + Procedure shuffle I've created a condition in which I study 1 high associate 3 times and 1 low associate 3 times. Followng the randomized study phase I test each of the 2 studied items. Choice of specific high and low associate items is randomly assigned for each participant and the ordering of items within the study and test phase are also randomized per participant.",Dog,Cat,bananna,"high associates",2,Study,User,No,-,mass,"Study Phase",,,414,,,-1,-1,,,,1
adfa,pqraessj88,Collector,1,3,2020-03-24T14:36:36+00:00,5.9512410163879,7,WordPairMixed.csv,studyTestHiLo-Shuffle.csv,"Simultaneous Stimuli and Procedure shuffling","Combining structured Stimuli shuffle + Procedure shuffle I've created a condition in which I study 1 high associate 3 times and 1 low associate 3 times. Followng the randomized study phase I test each of the 2 studied items. Choice of specific high and low associate items is randomly assigned for each participant and the ordering of items within the study and test phase are also randomized per participant.",Laptop,Swing,zoinks,"low associate",6,Study,User,Feedback,5,mass,"Study Phase",,"The correct answer was:",478,,,-1,-1,,,,1,5008,-1,-1,1
adfa,pqraessj88,Collector,1,4,2020-03-24T14:36:44+00:00,7.7420451641083,7,WordPairMixed.csv,studyTestHiLo-Shuffle.csv,"Simultaneous Stimuli and Procedure shuffling","Combining structured Stimuli shuffle + Procedure shuffle I've created a condition in which I study 1 high associate 3 times and 1 low associate 3 times. Followng the randomized study phase I test each of the 2 studied items. Choice of specific high and low associate items is randomly assigned for each participant and the ordering of items within the study and test phase are also randomized per participant.",Laptop,Swing,zoinks,"low associate",6,Study,User,Feedback,5,mass,"Study Phase",,"The correct answer was:",2316,,,-1,-1,,,,1,5003,-1,-1,1
adfa,pqraessj88,Collector,1,5,2020-03-24T14:36:51+00:00,6.866427898407,7,WordPairMixed.csv,studyTestHiLo-Shuffle.csv,"Simultaneous Stimuli and Procedure shuffling","Combining structured Stimuli shuffle + Procedure shuffle I've created a condition in which I study 1 high associate 3 times and 1 low associate 3 times. Followng the randomized study phase I test each of the 2 studied items. Choice of specific high and low associate items is randomly assigned for each participant and the ordering of items within the study and test phase are also randomized per participant.",Laptop,Swing,zoinks,"low associate",6,Study,User,Feedback,5,mass,"Study Phase",,"The correct answer was:",1428,,,-1,-1,,,,1,5004,-1,-1,1
adfa,pqraessj88,Collector,1,6,2020-03-24T14:36:52+00:00,1.0468699932098,7,WordPairMixed.csv,studyTestHiLo-Shuffle.csv,"Simultaneous Stimuli and Procedure shuffling","Combining structured Stimuli shuffle + Procedure shuffle I've created a condition in which I study 1 high associate 3 times and 1 low associate 3 times. Followng the randomized study phase I test each of the 2 studied items. Choice of specific high and low associate items is randomly assigned for each participant and the ordering of items within the study and test phase are also randomized per participant.",Dog,Cat,bananna,"high associates",2,Study,User,No,-,mass,"Study Phase",,,804,,,-1,-1,,,,1,,,,
adfa,pqraessj88,Collector,1,7,2020-03-24T14:37:01+00:00,9.635055065155,7,WordPairMixed.csv,studyTestHiLo-Shuffle.csv,"Simultaneous Stimuli and Procedure shuffling","Combining structured Stimuli shuffle + Procedure shuffle I've created a condition in which I study 1 high associate 3 times and 1 low associate 3 times. Followng the randomized study phase I test each of the 2 studied items. Choice of specific high and low associate items is randomly assigned for each participant and the ordering of items within the study and test phase are also randomized per participant.",Laptop,Swing,zoinks,"low associate",6,Test,User,Feedback,5,"Showing 3 trials in order","Test Phase",,"The correct answer was:",4165,,0,-1,-1,0,0,,1,5009,-1,-1,1
